id;first_name;last_name;gender;email;phone;address_line_1;address_line_2;city;country
1;Alfredo;Gleason;MALE;.6OLo0k$.H7Nxzn[Ovx;%0g%Rb%Sr8.__C{2:5D_50XPDFsw"e%?rh]lsg@Z3/2%)PNk-fl!fdCZ*={1c99W3PFIqo0pv!Hz~=S;f.6x_9-QF"bt[MdMd:a}$qw%gZ'H/p08I?<)7YqQ;;n|*(S*M1*r&,|Nf$w.:P[~8D8c:<C/;(154) 495-2560 x7322;cross-platform Point Orchestrator;Solomon Islands Licensed;Corwinborough;Lithuania
2;Chyna;Powlowski;MALE;vSi+8PIlQF+39CR5.OW&%"5}u5f*ORv5T{HqmESWRDV"ry*hu%-L$S,6{#(q$OfkKi51`dfgVc:&ZCJ3kxUw#@EG;N8C\fTB1w$F\r.w;DS>=?|(M)I7il-vF,T4GcN.ZG.JRk};}WvE'WT|M|A8U}0jBcqF*#.+6Ad$AGy7PQA)'u947z9u*J[LX2ZD'GJ5/FGEICNEM1JInc;1-823-601-9633 x598;Forint;Concrete Global SMS;East Magdalena;Chile
3;Reanna;Wunsch;FEMALE;&RL7dVT`N,-%btmHNY!7QdA8,->3[;ZqjL|9=sCel%tQK}5NocT_h>pEFrz(yS,ph<|8U[qFP'DEtg[@flj+q|IS<JBsrxEYU`VYUxHEhBe*(HstDz:jLH=+09H%4,A$rsLaP.R>mxD+61\9v(7)wrD0(2eY#)T:)TP5_|M+L<yjiBr;#M;>='Oyfn!^Y)Pt7$7;$"}}<?;;(613) 237-7888 x84786;Unbranded Cheese Dynamic;Alabama transform;Ondrickashire;Albania
4;Ed;Crooks;FEMALE;+ZZ$,BsalYF@,$DAPy/VUNzoZGM&>xet*x<%RRo}X9^eB0U5iz;0a?XgB9W%-=!`66-^a^f3yzrlUnP]F5xa.&/!Q2+r}UU~g7'$l>~FsJxg*ujd"]uNZo79)_lya-*J/E^1/>?}KjeAwA0*'Fc2_/WmdIhqa;Bh=JK0l/mDuFy,jH68;1-024-317-3678 x7635;Sleek turn-key;Ergonomic;Watsonshire;Hong Kong
5;Jeanne;Toy;MALE;".\}gO2d@RAmyngSu-Tmjh-}qq%EH?1&a$An;7uG+*;K%oL.-UqXLJW4.'Z8;1-425-076-0199 x4929;out-of-the-box Automotive Tactics;Venezuela Wisconsin;Stehrton;France
6;Elmo;Hoppe;MALE;Y*R%O,q26@EiAfcceq'v6iqfOo5DWdO46QJ<uV.bt),nlE{i$^:(j0n1DE5%.FX2mt[Qk*t/bnc(/0d;986.950.0266;intuitive Open-architected system-worthy;program;Bridiechester;Pitcairn Islands
7;Floy;Lueilwitz;FEMALE;3(Hb1U9<p.:0g/2AHrpIb+r~-RD{`xR(Zuyb]=y:V"Xwrvq0^l0)bY~jJvGZyh?akJxSkdG9UzNVrs|re!g-@~3's[J+dRoK]yv87Z$%mG$:WHVF.-xK^x^8fqkYL6Xapa74[OqLIX"+gzG~cah4/]N:>Be6o!7YA)s:E8g&9=}Lz)!r|w7lRa._vW]?:py|9wN8;(505) 671-6073;Unbranded Fresh Pants Tools California;North Dakota Garden;East Karen;Wallis and Futuna
8;Edmond;Smitham;FEMALE;8UqBt,);jM8H~W?x>RXEWb.vB_7=B~f&^qkEwwvP:L/:c1[G0|*Y*sDuUch?)X?m=0*[SmD(YMM;.P)1;P91=8|`]k`g@yH2=U-%4l4R2Qfn21`xZS$n;#L0DhZmx{2U{(G"|U9(&k/KHB2=AH-O+4>akT*Qh&H>fPf,VPl&V4dGeUfu;?2|I*9'fgvuDda.z<8+$&G>KcU^D-IL'[rL^)osy9X<u8%FhQ?Qn)*o2dGH1!.!{Q|d7zeh-vOPsYTIO7,eO\V;1-358-722-9640;Intelligent Granite Shirt Peru deposit;Frozen Analyst card;Lake Grayceburgh;Italy
9;Ibrahim;Roberts;FEMALE;M:s(>F4vLK0cyG2{p&e!#QuU0#`t;@+%h~T4HJrT/;cAdDOsCdiAsSENBXDMV3"e{%+8s\:fxdoXGos.z]/(AbC/.8"E+}hyEk=A4.7m,Y!1\%PE~&0$i_)S[#o?IX_Xt}`W|MlG'f0t9jv<vK;(401) 914-2250 x7169;invoice;alarm Jamaica;Morganbury;Aruba
10;Dell;Mann;OTHER;3~sK-f"g~_YJt5Qg>p0K[Q%eq4`Ke$9@V=lJRw^I{#g/?hWH";I:m?T0DP'gc_FeQa<ZXmO0h?+Tu_^Ab'$ZxyTZBvSm?P[A9>AH_TEQM]jD)hN>J+B7=<.T5&LJ&*s`If/;-a/rvQmfMwV*"o7NL3_4)HIOX;389-714-0074;Hollow Shoes systems;Generic Frozen Tuna HTTP;West Adrienne;Netherlands Antilles
